run, interp, pevaled
0, 0.544, 0.396
1, 0.74, 0.213
2, 0.717, 0.207
3, 2.112, 0.488
4, 0.927, 0.448
5, 0.301, 0.245
6, 0.295, 0.299
7, 0.299, 0.308
8, 0.293, 0.329
9, 1.26, 0.323
10, 0.293, 0.331
11, 0.301, 0.312
12, 0.275, 0.321
13, 0.337, 0.361
14, 0.313, 0.317
15, 0.275, 0.304
16, 0.284, 0.314
17, 0.273, 0.304
18, 0.681, 0.307
19, 0.268, 0.304
20, 0.27, 0.322
21, 0.297, 0.321
22, 0.286, 0.328
23, 0.294, 0.345
24, 0.302, 0.317
25, 0.298, 0.308
26, 0.272, 0.305
27, 0.71, 0.302
28, 0.266, 0.303
29, 0.266, 0.301
30, 0.265, 0.301
31, 0.277, 0.308
32, 0.267, 0.304
33, 0.266, 0.319
34, 0.277, 0.302
35, 0.267, 0.302
36, 0.629, 0.302
37, 0.265, 0.302
38, 0.278, 0.319
39, 0.271, 0.303
40, 0.27, 0.308
41, 0.27, 0.303
42, 0.268, 0.303
43, 0.28, 0.303
44, 0.267, 0.301
45, 0.763, 0.31
46, 0.304, 0.343
47, 0.287, 0.328
48, 0.289, 0.34
49, 0.277, 0.308
50, 0.274, 0.306
51, 0.277, 0.311
52, 0.274, 0.311
53, 0.348, 0.314
54, 0.281, 0.307
55, 0.295, 0.351
56, 0.464, 0.402
57, 0.543, 0.357
58, 0.307, 0.314
59, 0.415, 0.41
60, 0.297, 0.347
61, 0.295, 0.375
62, 0.329, 0.503
63, 0.459, 0.635
64, 0.956, 0.387
65, 0.445, 0.619
66, 0.626, 0.871
67, 0.365, 0.583
68, 0.635, 0.676
69, 0.353, 0.697
70, 0.815, 0.492
71, 0.383, 0.437
72, 0.373, 0.445
73, 0.374, 0.454
74, 0.385, 0.482
75, 0.538, 0.472
76, 0.396, 0.501
77, 0.482, 0.56
78, 0.431, 0.688
79, 0.43, 0.458
80, 0.519, 0.545
81, 0.474, 0.473
82, 0.404, 0.548
83, 0.985, 0.493
84, 0.393, 0.586
85, 0.479, 0.467
86, 0.486, 0.481
87, 0.382, 0.49
88, 0.392, 0.468
89, 0.659, 0.692
90, 0.613, 0.938
91, 0.532, 0.454
92, 0.391, 0.48
93, 0.876, 0.181
94, 0.369, 0.16
95, 0.412, 0.165
96, 0.358, 0.159
97, 0.356, 0.158
98, 0.364, 0.157
99, 0.359, 0.159
100, 0.351, 0.159
101, 0.352, 0.16
102, 0.84, 0.35
103, 0.539, 0.171
104, 0.369, 0.163
105, 0.363, 0.189
106, 0.38, 0.164
107, 0.356, 0.158
108, 0.355, 0.157
109, 0.374, 0.154
110, 0.345, 0.153
111, 0.365, 0.161
112, 0.353, 0.158
113, 0.35, 0.159
114, 0.353, 0.16
115, 0.371, 0.161
116, 0.369, 0.178
117, 0.369, 0.162
118, 0.368, 0.16
119, 0.366, 0.158
120, 0.349, 0.157
121, 0.862, 0.163
122, 0.36, 0.177
123, 0.363, 0.163
124, 0.351, 0.159
125, 0.346, 0.161
126, 0.35, 0.158
127, 0.347, 0.158
128, 0.508, 0.238
129, 0.375, 0.158
130, 0.356, 0.173
131, 0.438, 0.193
132, 0.416, 0.177
133, 0.371, 0.161
134, 0.353, 0.162
135, 0.368, 0.164
136, 0.387, 0.283
137, 0.566, 0.19
138, 0.362, 0.171
139, 0.571, 0.169
140, 0.937, 0.228
141, 0.386, 0.164
142, 0.353, 0.158
143, 0.35, 0.158
144, 0.352, 0.158
145, 0.348, 0.157
146, 0.35, 0.158
147, 0.35, 0.157
148, 0.368, 0.169
149, 0.362, 0.16