input, interpreted, compiled
0, 0.146, 0.072
1, 0.012, 0.005
2, 0.024, 0.1
3, 0.035, 0.009
4, 0.022, 0.008
5, 0.016, 0.015
6, 0.011, 0.008
7, 0.013, 0.006
8, 0.013, 0.04
9, 0.031, 0.026
10, 0.042, 0.007
11, 0.057, 0.024
12, 0.016, 0.005
13, 0.017, 0.007
14, 0.019, 0.007
15, 0.019, 0.008
16, 0.021, 0.008
17, 0.045, 0.008
18, 0.03, 0.018
19, 0.047, 0.009
20, 0.04, 0.011
21, 0.029, 0.035
22, 0.029, 0.011
23, 0.028, 0.025
24, 0.085, 0.032
25, 0.039, 0.02
26, 0.095, 0.012
27, 0.13, 0.014
28, 0.067, 0.012
29, 0.087, 0.03
30, 0.08, 0.053
31, 0.075, 0.081
32, 1.103, 0.023
33, 0.042, 0.089
34, 0.049, 0.123
35, 0.048, 0.014
36, 0.042, 0.013
37, 0.044, 0.014
38, 0.046, 0.149
39, 0.967, 0.027
40, 0.149, 0.021
41, 0.117, 0.041
42, 0.142, 0.09
43, 0.133, 0.01
44, 0.045, 0.009
45, 0.045, 0.01
46, 0.059, 0.01
47, 0.081, 0.01
48, 0.091, 0.019
49, 0.075, 0.022
50, 0.05, 0.01
51, 0.05, 0.01
52, 0.265, 0.01
53, 0.617, 0.042
54, 0.028, 0.009
55, 0.026, 0.009
56, 0.026, 0.008
57, 0.026, 0.009
58, 0.027, 0.008
59, 0.027, 0.008
60, 0.028, 0.008
61, 0.028, 0.009
62, 0.029, 0.009
63, 0.028, 0.009
64, 0.029, 0.009
65, 0.03, 0.01
66, 0.031, 0.009
67, 0.034, 0.01
68, 0.036, 0.01
69, 0.031, 0.01
70, 0.032, 0.01
71, 0.032, 0.011
72, 0.166, 0.013
73, 0.033, 0.01
74, 0.034, 0.01
75, 0.035, 0.011
76, 0.035, 0.01
77, 0.035, 0.01
78, 0.035, 0.01
79, 0.037, 0.01
80, 0.036, 0.011
81, 0.036, 0.011
82, 0.036, 0.012
83, 0.037, 0.012
84, 0.042, 0.012
85, 0.038, 0.011
86, 0.038, 0.148
87, 0.041, 0.012
88, 0.041, 0.012
89, 0.155, 0.017
90, 0.042, 0.013
91, 0.047, 0.012
92, 0.04, 0.013
93, 0.061, 0.014
94, 0.043, 0.013
95, 0.045, 0.013
96, 0.044, 0.012
97, 0.048, 0.013
98, 0.044, 0.013
99, 0.239, 0.018
100, 0.051, 0.014
101, 0.046, 0.015
102, 0.062, 0.024
103, 0.139, 0.043
104, 0.07, 0.023
105, 0.074, 0.035
106, 0.048, 0.016
107, 0.049, 0.015
108, 0.051, 0.015
109, 0.048, 0.014
110, 0.049, 0.165
111, 0.055, 0.016
112, 0.05, 0.015
113, 0.05, 0.015
114, 0.05, 0.015
115, 0.051, 0.017
116, 0.05, 0.015
117, 0.051, 0.015
118, 0.052, 0.017
119, 0.067, 0.017
120, 0.052, 0.016
121, 0.208, 0.022
122, 0.061, 0.022
123, 0.068, 0.016
124, 0.111, 0.033
125, 0.092, 0.029
126, 0.074, 0.018
127, 0.063, 0.018
128, 0.072, 0.035
129, 0.057, 0.02
130, 0.3, 0.051
131, 0.23, 0.06
132, 0.066, 0.045
133, 0.112, 0.018
134, 0.155, 0.02
135, 0.22, 0.09
136, 0.202, 0.021
137, 0.13, 0.028
138, 0.102, 0.027
139, 0.296, 0.056
140, 0.119, 0.045
141, 0.062, 0.022
142, 0.099, 0.035
143, 0.074, 0.023
144, 0.072, 0.019
145, 0.152, 0.019
146, 0.067, 0.019
147, 0.166, 0.022
148, 0.085, 0.026
149, 0.069, 0.024
150, 0.081, 0.113
151, 0.274, 0.023
152, 0.205, 0.066
153, 0.145, 0.059
154, 0.316, 0.059
155, 0.166, 0.451
156, 0.233, 0.042
157, 0.177, 0.031
158, 0.144, 0.045
159, 0.42, 0.024
160, 0.25, 0.094
161, 0.433, 0.2
162, 0.194, 0.068
163, 0.476, 0.025
164, 0.375, 0.07
165, 0.256, 0.057
166, 0.147, 0.197
167, 0.198, 0.032
168, 0.131, 0.047
169, 0.579, 0.052
170, 0.739, 0.025
171, 0.105, 0.037
172, 0.347, 0.044
173, 0.105, 0.106
174, 0.182, 0.028
175, 0.1, 0.023
176, 0.505, 0.025
177, 0.454, 0.083
178, 0.227, 0.024
179, 0.193, 0.025
180, 0.309, 0.142
181, 0.169, 0.024
182, 0.614, 0.071
183, 0.081, 0.023
184, 0.436, 0.025
185, 0.132, 0.078
186, 0.091, 0.024
187, 0.082, 0.024
188, 0.088, 0.029
189, 0.085, 0.024
190, 1.046, 0.032
191, 0.083, 0.026
192, 0.123, 0.025
193, 0.084, 0.025
194, 0.133, 0.033
195, 0.104, 0.025
196, 0.231, 0.029
197, 0.096, 0.026
198, 0.094, 0.026
199, 0.112, 0.04
200, 0.092, 0.027
201, 0.089, 0.025
202, 0.252, 0.027
203, 0.093, 0.033
204, 0.095, 0.028
205, 0.124, 0.028
206, 0.104, 0.026
207, 0.091, 0.026
208, 0.58, 0.048
209, 0.205, 0.027
210, 0.089, 0.026
211, 0.091, 0.035
212, 0.091, 0.03
213, 0.096, 0.032
214, 0.201, 0.028
215, 0.108, 0.029
216, 0.092, 0.037
217, 0.113, 0.03
218, 0.168, 0.032
219, 0.186, 0.172
220, 0.294, 0.08
221, 0.26, 0.028
222, 0.098, 0.03
223, 0.096, 0.029
224, 0.107, 0.029
225, 0.235, 0.033
226, 0.116, 0.034
227, 0.096, 0.029
228, 0.099, 0.031
229, 0.136, 0.032
230, 0.604, 0.16
231, 0.191, 0.029
232, 0.1, 0.03
233, 0.145, 0.1
234, 0.1, 0.029
235, 0.105, 0.055
236, 0.216, 0.043
237, 0.129, 0.05
238, 0.146, 0.055
239, 0.156, 0.062
240, 0.176, 0.14
241, 0.155, 0.098
242, 0.232, 0.065
243, 0.367, 0.037
244, 0.104, 0.03
245, 0.107, 0.044
246, 0.136, 0.045
247, 0.164, 0.07
248, 0.202, 0.273
249, 0.326, 0.054
250, 0.135, 0.156
251, 0.108, 0.032
252, 0.107, 0.041
253, 0.109, 0.031
254, 0.109, 0.095
255, 0.13, 0.036
256, 0.127, 0.039
257, 0.127, 0.034
258, 0.161, 0.088
259, 0.438, 0.151
260, 1.056, 0.066
261, 0.313, 0.044
262, 0.317, 0.041
263, 0.113, 0.072
264, 0.219, 0.22
265, 0.36, 0.039
266, 0.288, 0.057
267, 0.342, 0.25
268, 0.698, 0.17
269, 0.953, 0.066
270, 0.277, 0.128
271, 0.438, 0.042
272, 0.129, 0.033
273, 0.136, 0.041
274, 0.126, 0.039
275, 0.155, 0.038
276, 0.129, 0.04
277, 0.143, 0.042
278, 1.657, 0.064
279, 0.1, 0.029
280, 0.098, 0.028
281, 0.099, 0.028
282, 0.099, 0.028
283, 0.111, 0.114
284, 0.101, 0.028
285, 0.1, 0.03
286, 0.103, 0.031
287, 0.104, 0.031
288, 0.103, 0.032
289, 0.107, 0.03
290, 0.102, 0.028
291, 0.102, 0.028
292, 0.29, 0.03
293, 0.104, 0.031
294, 0.15, 0.042
295, 0.161, 0.028
296, 0.283, 0.03
297, 0.225, 0.06
298, 0.138, 0.03
299, 0.104, 0.029
300, 0.105, 0.029
301, 0.104, 0.031
302, 0.107, 0.033
303, 0.106, 0.031
304, 0.106, 0.03
305, 0.36, 0.032
306, 0.107, 0.03
307, 0.107, 0.03
308, 0.109, 0.029
309, 0.107, 0.031
310, 0.108, 0.03
311, 0.109, 0.031
312, 0.109, 0.03
313, 0.111, 0.03
314, 0.11, 0.031
315, 0.11, 0.032
316, 0.113, 0.03
317, 0.11, 0.031
318, 0.245, 0.032
319, 0.111, 0.031
320, 0.111, 0.031
321, 0.112, 0.031
322, 0.112, 0.031
323, 0.112, 0.032
324, 0.115, 0.031
325, 0.113, 0.032
326, 0.113, 0.032
327, 0.114, 0.034
328, 0.114, 0.032
329, 0.113, 0.032
330, 0.288, 0.033
331, 0.117, 0.032
332, 0.116, 0.033
333, 0.116, 0.033
334, 0.117, 0.031
335, 0.118, 0.032
336, 0.117, 0.032
337, 0.117, 0.033
338, 0.117, 0.033
339, 0.118, 0.036
340, 0.118, 0.033
341, 0.119, 0.033
342, 0.121, 0.033
343, 0.12, 0.032
344, 0.119, 0.033
345, 0.119, 0.033
346, 0.123, 0.033
347, 0.121, 0.033
348, 0.121, 0.033
349, 0.121, 0.034
350, 0.123, 0.034
351, 0.126, 0.033
352, 0.123, 0.033
353, 0.123, 0.173
354, 0.125, 0.034
355, 0.123, 0.034
356, 0.124, 0.034
357, 0.126, 0.034
358, 0.124, 0.034
359, 0.125, 0.035
360, 0.126, 0.034
361, 0.126, 0.035
362, 0.13, 0.034
363, 0.127, 0.034
364, 0.127, 0.149
365, 0.129, 0.035
366, 0.128, 0.035
367, 0.13, 0.035
368, 0.128, 0.035
369, 0.129, 0.036
370, 0.128, 0.035
371, 0.13, 0.034
372, 0.129, 0.036
373, 0.132, 0.035
374, 0.13, 0.035
375, 0.358, 0.037
376, 0.132, 0.036
377, 0.13, 0.037
378, 0.133, 0.036
379, 0.132, 0.036
380, 0.133, 0.035
381, 0.134, 0.036
382, 0.133, 0.036
383, 0.134, 0.038
384, 0.134, 0.036
385, 0.133, 0.167
386, 0.135, 0.038
387, 0.135, 0.037
388, 0.135, 0.036
389, 0.138, 0.036
390, 0.135, 0.037
391, 0.136, 0.037
392, 0.136, 0.038
393, 0.137, 0.04
394, 0.136, 0.038
395, 0.137, 0.167
396, 0.138, 0.039
397, 0.139, 0.037
398, 0.138, 0.038
399, 0.139, 0.038
400, 0.209, 0.038
401, 0.139, 0.038
402, 0.14, 0.037
403, 0.142, 0.042
404, 0.231, 0.039
405, 0.14, 0.184
406, 0.141, 0.04
407, 0.395, 0.058
408, 0.141, 0.039
409, 0.211, 0.039
410, 0.229, 0.29
411, 0.145, 0.04
412, 0.142, 0.04
413, 0.149, 0.041
414, 0.144, 0.038
415, 0.391, 0.04
416, 0.145, 0.041
417, 0.144, 0.04
418, 0.144, 0.041
419, 0.145, 0.041
420, 0.147, 0.039
421, 0.147, 0.04
422, 0.149, 0.043
423, 0.147, 0.041
424, 0.147, 0.158
425, 0.149, 0.042
426, 0.147, 0.041
427, 0.148, 0.04
428, 0.149, 0.04
429, 0.149, 0.041
430, 0.15, 0.043
431, 0.151, 0.042
432, 0.153, 0.041
433, 0.152, 0.041
434, 0.296, 0.043
435, 0.152, 0.041
436, 0.152, 0.041
437, 0.151, 0.042
438, 0.152, 0.042
439, 0.152, 0.043
440, 0.152, 0.043
441, 0.156, 0.041
442, 0.153, 0.043
443, 0.376, 0.045
444, 0.157, 0.042
445, 0.155, 0.042
446, 0.155, 0.041
447, 0.156, 0.042
448, 0.155, 0.042
449, 0.155, 0.044
